N,P,K,Temperature,Humidity,ph,Rainfall,Crop
90,42,43,20.87974371,82.00274423,6.502985292,202.9355362,Rice
85,58,41,21.77046169,80.31964408,7.038096361,226.6555374,Rice
60,55,44,23.00445915,82.3207629,7.840207144,263.9642476,Rice
74,35,40,26.49109635,80.15836264,6.980400905,242.8640342,Rice
78,42,42,20.13017482,81.60487287,7.628472891,262.7173405,Rice
69,37,42,23.05804872,83.37011772,7.073453503,251.0549998,Rice
69,55,38,22.70883798,82.63941394,5.70080568,271.3248604,Rice
94,53,40,20.27774362,82.89408619,5.718627178,241.9741949,Rice
89,54,38,24.51588066,83.5352163,6.685346424,230.4462359,Rice
68,58,38,23.22397386,83.03322691,6.336253525,221.2091958,Rice
91,53,40,26.52723513,81.41753846,5.386167788,264.6148697,Rice
90,46,42,23.97898217,81.45061596,7.50283396,250.0832336,Rice
78,58,44,26.80079604,80.88684822,5.108681786,284.4364567,Rice
93,56,36,24.01497622,82.05687182,6.98435366,185.2773389,Rice
94,50,37,25.66585205,80.66385045,6.94801983,209.5869708,Rice
60,48,39,24.28209415,80.30025587,7.042299069,231.0863347,Rice
85,38,41,21.58711777,82.7883708,6.249050656,276.6552459,Rice
91,35,39,23.79391957,80.41817957,6.970859754,206.2611855,Rice
77,38,36,21.8652524,80.1923008,5.953933276,224.5550169,Rice
88,35,40,23.57943626,83.58760316,5.85393208,291.2986618,Rice
89,45,36,21.32504158,80.47476396,6.442475375,185.4974732,Rice
76,40,43,25.15745531,83.11713476,5.070175667,231.3843163,Rice
67,59,41,21.94766735,80.97384195,6.012632591,213.3560921,Rice
83,41,43,21.0525355,82.67839517,6.254028451,233.1075816,Rice
98,47,37,23.48381344,81.33265073,7.375482851,224.0581164,Rice
66,53,41,25.0756354,80.52389148,7.778915154,257.0038865,Rice
97,59,43,26.35927159,84.04403589,6.286500176,271.3586137,Rice
97,50,41,24.52922681,80.54498576,7.070959995,260.2634026,Rice
60,49,44,20.77576147,84.49774397,6.244841491,240.0810647,Rice
84,51,35,22.30157427,80.64416466,6.043304899,197.9791215,Rice
73,57,41,21.44653958,84.94375962,5.824709117,272.2017204,Rice
92,35,40,22.17931888,80.33127223,6.357389366,200.0882787,Rice
85,37,39,24.52783742,82.73685569,6.364134968,224.6757231,Rice
98,53,38,20.26707606,81.63895217,5.01450727,270.4417274,Rice
88,54,44,25.7354293,83.88266234,6.149410611,233.1321372,Rice
95,55,42,26.79533926,82.1480873,5.950660556,193.3473987,Rice
99,57,35,26.75754171,81.17734011,5.960370061,272.2999056,Rice
95,39,36,23.86330467,83.15250801,5.561398642,285.2493645,Rice
60,43,44,21.01944696,82.95221726,7.416245107,298.4018471,Rice
63,44,41,24.17298839,83.7287574,5.583370042,257.0343554,Rice
62,42,36,22.78133816,82.06719137,6.430010215,248.7183228,Rice
64,45,43,25.62980105,83.52842314,5.534878156,209.9001977,Rice
83,60,36,25.59704938,80.14509262,6.903985986,200.834898,Rice
82,40,40,23.83067496,84.81360127,6.271478838,298.5601175,Rice
85,52,45,26.31355498,82.36698992,7.224285503,265.5355937,Rice
91,35,38,24.8972823,80.52586088,6.13428721,183.6793207,Rice
76,49,42,24.958779,84.47963372,5.206373153,196.9560008,Rice
74,39,38,23.24113501,84.59201843,7.782051313,233.0453455,Rice
79,43,39,21.66628296,80.70960551,7.062779015,210.8142087,Rice
88,55,45,24.63544858,80.41363018,7.730367824,253.7202781,Rice
60,36,43,23.43121862,83.06310136,5.286203711,219.9048349,Rice
76,60,39,20.0454142,80.3477562,6.766240045,208.5810155,Rice
93,56,42,23.85724032,82.22572988,7.382762603,195.0948311,Rice
65,60,43,21.97199397,81.89918197,5.658169482,227.3637009,Rice
95,52,36,26.22916897,83.83625819,5.543360238,286.5083725,Rice
75,38,39,23.44676801,84.79352417,6.215109715,283.9338466,Rice
74,54,38,25.65553461,83.47021081,7.120272972,217.3788583,Rice
91,36,45,24.44345477,82.45432595,5.950647577,267.9761948,Rice
71,46,40,20.2801937,82.1235421,7.236705436,191.9535738,Rice
99,55,35,21.7238313,80.2389895,6.501697816,277.9626192,Rice
72,40,38,20.41447029,82.20802629,7.592490617,245.1511304,Rice
83,58,45,25.75528612,83.51827127,5.875345751,245.6626799,Rice
93,58,38,20.61521424,83.77345559,6.932400225,279.5451717,Rice
70,36,42,21.84106875,80.72886384,6.946209881,202.3838319,Rice
76,47,42,20.08369642,83.29114712,5.739175027,263.6372176,Rice
99,41,36,24.45802087,82.74835604,6.738652179,182.5616319,Rice
99,54,37,21.14347496,80.33502926,5.594819626,198.6730942,Rice
86,59,35,25.78720567,82.11124033,6.946636369,243.5120414,Rice
69,46,41,23.64124821,80.28597873,5.012139669,263.1103304,Rice
91,56,37,23.43191632,80.56887849,6.363472208,269.5039162,Rice
61,52,41,24.97669518,83.891805,6.880431223,204.8001847,Rice
67,45,38,22.72791041,82.1706881,7.300410836,260.8875056,Rice
79,42,37,24.87300744,82.84022551,6.587918708,295.6094492,Rice
78,43,42,21.32376327,83.00320459,7.283736617,192.3197536,Rice
75,54,36,26.29465461,84.56919326,7.023936392,257.4914906,Rice
97,36,45,22.2286982,81.85872947,6.939083505,278.0791793,Rice
67,47,44,26.73072391,81.78596776,7.868474653,280.4044392,Rice
73,35,38,24.88921174,81.97927117,5.005306977,185.9461429,Rice
77,36,37,26.88444878,81.46033732,6.136131869,194.5766559,Rice
81,41,38,22.67846116,83.72874389,7.524080076,200.9133156,Rice
68,57,43,26.08867875,80.37979919,5.706943251,182.9043504,Rice
72,45,35,25.42977518,82.94682591,5.758506323,195.3574542,Rice
61,53,43,26.40323239,81.05635517,6.349606327,223.3671883,Rice
67,43,39,26.04371967,84.96907151,5.999969026,186.7536773,Rice
67,58,39,25.2827223,80.54372813,5.453592032,220.1156708,Rice
66,60,38,22.08576562,83.47038318,6.372576327,231.7364957,Rice
82,43,38,23.28617173,81.43321641,5.105588355,242.3170629,Rice
84,50,44,25.48591986,81.40633547,5.935344406,182.6549356,Rice
81,53,42,23.67575393,81.03569343,5.17782304,233.7034975,Rice
91,50,40,20.82477109,84.1341879,6.462391607,230.2242223,Rice
93,53,38,26.92995077,81.91411159,7.069172227,290.6793783,Rice
90,44,38,23.83509503,83.88387074,7.473134377,241.2013513,Rice
81,45,35,26.52872817,80.12267476,6.158376967,218.9163567,Rice
78,40,38,26.46428311,83.85642678,7.549873681,248.2256491,Rice
60,51,36,22.69657794,82.81088865,6.028321558,256.9964761,Rice
88,46,42,22.68319059,83.46358271,6.604993475,194.2651719,Rice
93,47,37,21.53346343,82.14004101,6.500343222,295.9248796,Rice
60,55,45,21.40865769,83.3293191,5.935745417,287.5766935,Rice
78,35,44,26.54348085,84.67353597,7.072655622,183.6222657,Rice
65,37,40,23.35905428,83.59512273,5.333322606,188.413665,Rice
71,54,16,22.61359953,63.69070564,5.749914421,87.75953857,Maize
61,44,17,26.10018422,71.57476937,6.931756558,102.2662445,Maize
80,43,16,23.55882094,71.59351368,6.657964753,66.71995467,Maize
73,58,21,19.97215954,57.68272924,6.596060648,60.65171481,Maize
61,38,20,18.47891261,62.69503871,5.970458434,65.43835393,Maize
68,41,16,21.77689322,57.80840636,6.158830619,102.0861694,Maize
93,41,17,25.6217169,66.50415474,6.047906679,105.4654703,Maize
89,60,19,25.19192419,66.6902901,5.913664501,78.06639649,Maize
76,44,17,20.41683147,62.5542482,5.855442401,65.27798457,Maize
67,60,25,24.92162194,66.78627406,5.750254943,109.2162279,Maize
70,44,19,23.31689124,73.4541537,5.852607099,94.29712821,Maize
90,49,21,24.84016732,68.3584573,6.472523287,74.05474936,Maize
62,52,16,22.27526694,58.84015925,6.967057762,63.87020584,Maize
92,44,16,18.87751445,65.76816093,6.082973754,94.76189431,Maize
66,54,21,25.19008683,60.2001687,5.919045532,72.12375573,Maize
63,58,22,18.25405352,55.28220433,6.204747653,63.72358154,Maize
70,47,17,24.6129118,70.4162444,6.600827017,104.1626147,Maize
61,41,17,25.1420613,65.26185135,6.021902237,76.68456006,Maize
66,53,19,23.09348056,60.1159381,6.033550195,65.49730729,Maize
74,55,19,18.05033737,62.89366992,6.28886807,84.23613484,Maize
77,57,21,24.9321581,73.80435276,6.550563823,79.74078719,Maize
99,50,15,18.14710054,71.09445342,5.573286437,88.07753741,Maize
74,56,22,18.28362235,66.65952796,6.829199275,80.97573281,Maize
83,45,21,18.83344471,58.75082029,5.716222912,79.7532896,Maize
100,48,16,25.71895816,67.22190688,5.54990242,74.51490791,Maize
79,51,16,25.33797709,68.49835977,6.586244581,96.46380213,Maize
94,39,18,23.89114571,57.48775781,5.893093135,102.8301942,Maize
75,49,15,21.53574127,71.50905983,5.918263801,102.4852929,Maize
78,48,22,23.08974909,63.10459626,5.588650585,70.43473609,Maize
87,54,20,25.61707368,63.4711755,6.576418207,108.8303762,Maize
87,35,25,21.44526922,63.1621551,6.178056304,65.88951188,Maize
63,43,19,18.51816776,55.53128131,6.641906353,90.988051,Maize
84,57,25,22.53510514,67.99257471,6.489040367,64.40866039,Maize
64,35,23,23.02038334,61.89472002,5.680361038,63.03843397,Maize
60,46,22,24.89364635,65.61418761,6.625404348,87.9298085,Maize
98,44,21,25.77175115,74.089114,6.524478032,107.4931917,Maize
75,56,18,19.39851734,62.35750641,5.696205468,60.95197486,Maize
86,55,21,21.54156232,59.64024162,6.803931519,109.7515385,Maize
98,35,18,23.79746068,74.82913698,6.252797548,91.76337172,Maize
76,57,18,18.9802729,74.52600826,6.092725883,94.26249353,Maize
99,56,17,24.10859207,73.13112261,6.234330356,71.07562236,Maize
60,44,23,24.7947077,70.04556743,5.722579819,76.72860067,Maize
74,48,17,21.63162756,60.27766379,6.430616465,69.21803098,Maize
89,60,17,25.37548751,57.21025565,5.983952675,101.7004306,Maize
69,51,23,22.21738222,72.85462807,6.80163854,106.6213157,Maize
96,46,22,20.58314011,69.00128641,6.499936446,66.29390357,Maize
61,60,15,24.87502824,68.74248334,6.265564338,91.26056654,Maize
74,58,18,20.03728219,56.35606753,6.727303282,109.024141,Maize
74,43,23,25.95263264,61.89082199,6.325235159,99.57981207,Maize
63,43,17,19.28889933,65.47050802,6.807487794,71.3195307,Maize
99,36,20,20.57981887,65.34583901,6.671085817,78.34604471,Maize
77,36,23,24.71417533,56.73426469,6.648725327,88.45361858,Maize
87,60,23,20.27317074,63.91281869,6.439071996,62.50351892,Maize
60,38,17,18.41932981,64.23580251,6.474476516,76.41312437,Maize
94,54,17,23.39128187,61.74427165,5.871647806,107.3198135,Maize
95,38,22,19.84939404,61.24500053,5.730617109,100.7689246,Maize
84,44,21,21.869274,61.91044947,5.850439831,107.2681929,Maize
77,58,19,22.8056033,56.50768935,5.791649933,101.5952794,Maize
66,44,20,19.0781471,69.02298571,6.740000688,80.72515943,Maize
63,35,16,22.02720976,65.35549924,6.272417541,83.73280082,Maize
79,45,20,23.80546189,59.24537979,5.715208817,89.9622014,Maize
72,60,25,18.52510753,69.0276233,5.773454729,88.10234397,Maize
67,51,24,23.50297882,61.32026065,5.584171461,64.77791424,Maize
86,36,24,26.54986394,72.89187265,5.787268394,73.33636055,Maize
76,48,18,19.29563411,69.63481219,5.77597783,83.21030571,Maize
75,53,18,20.68899915,59.4375337,6.864793607,103.651438,Maize
81,45,23,19.32666088,68.034493,6.192360003,84.22969177,Maize
73,45,21,24.60532218,73.58868502,6.636803223,96.59195302,Maize
71,35,24,22.27373646,59.52193158,5.826426917,67.96704792,Maize
96,54,22,25.70196694,61.33450447,6.960358276,83.20711308,Maize
99,39,18,19.20129357,68.30578978,6.11275104,87.85092352,Maize
62,48,20,21.70181447,60.47470519,6.708446922,95.71388473,Maize
86,37,16,20.51716779,59.21235483,5.561510732,67.61013737,Maize
94,50,19,23.30355338,73.62548442,5.873242491,97.59081274,Maize
76,39,24,24.2547451,55.64709899,6.995843776,64.23845455,Maize
77,52,17,24.86374934,65.7420046,5.714799723,75.82270467,Maize
74,39,23,22.6265115,65.77472881,6.78073637,88.17251033,Maize
81,49,20,18.04185513,60.61494304,5.513697923,104.2321615,Maize
63,42,21,23.26237612,72.33125523,5.798423908,67.10225139,Maize
99,38,21,22.88330922,71.59722446,6.352471866,67.72777298,Maize
90,52,25,25.97482359,69.36385721,6.822586546,103.2234212,Maize
68,40,19,26.14384005,66.20569924,6.655426355,107.2361366,Maize
60,57,24,18.66116213,61.55327249,6.121294041,75.03247667,Maize
71,52,18,25.10787449,55.97732754,5.790770203,78.16077693,Maize
61,59,17,23.33844615,59.24580604,6.47444292,105.0083144,Maize
88,38,15,25.08239719,65.92195844,6.455116637,62.49190812,Maize
65,60,22,25.36768364,72.52054555,6.606984086,107.9124111,Maize
78,37,22,25.34217103,63.31801994,6.330554389,74.52082026,Maize
78,58,15,25.00933355,67.816568,6.528631266,62.91359494,Maize
92,60,23,18.66746724,71.516474,5.721667141,69.93293255,Maize
79,59,17,20.37999665,63.73849998,6.644205485,108.5054416,Maize
91,55,15,18.09300227,72.61024172,6.376651091,78.96159541,Maize
76,51,18,26.16985907,71.96246617,6.247040422,79.84925393,Maize
87,48,25,18.65396672,61.37879671,6.656730008,93.62039175,Maize
71,60,22,26.07470121,59.37147589,6.2048017,85.75692395,Maize
90,57,24,18.92851916,72.80086137,6.158860284,82.34162918,Maize
67,35,22,23.30546753,63.24648023,6.385684214,108.7603001,Maize
60,54,19,18.74826712,62.49878458,6.417820493,70.23401597,Maize
83,58,23,19.74213321,59.66263104,6.381201909,65.50861389,Maize
83,57,19,25.73044432,70.74739256,6.877869005,98.73771338,Maize
91,94,46,29.36792366,76.24900101,6.149934034,92.82840911,Banana
105,95,50,27.33368994,83.67675197,5.849076099,101.0494791,Banana
108,92,53,27.40053601,82.96221306,6.276800323,104.9378,Banana
86,76,54,29.3159075,80.11585705,5.926824754,90.10978128,Banana
80,77,49,26.05433004,79.39654531,5.519088423,113.2297373,Banana
93,94,53,25.86632408,84.42379269,6.079178788,114.5357503,Banana
90,92,55,27.00932084,80.18546798,6.13465588,97.32531705,Banana
108,89,53,29.55054817,78.06762846,5.808497604,99.34482238,Banana
108,88,55,26.28845991,83.390039,5.891458107,113.8729798,Banana
105,77,52,29.16226551,76.16151562,5.816622479,100.0075679,Banana
118,88,52,28.65003945,82.68752542,5.843163161,98.75084366,Banana
101,87,54,29.07311132,76.50045221,6.376756633,100.1692639,Banana
95,75,50,28.08166093,75.26429821,5.623615687,118.2761894,Banana
106,85,53,27.1994597,78.8086068,5.91505509,99.72430835,Banana
86,95,49,28.05484146,78.04602887,6.458714879,108.3957179,Banana
83,79,55,25.14748006,83.34688193,5.565028635,98.66679427,Banana
85,95,47,25.94019018,78.3422098,6.211833161,119.84797,Banana
109,79,45,27.66752761,79.68542782,6.490074429,108.66464,Banana
100,76,45,25.56703012,75.94067692,5.590236025,102.7867717,Banana
117,86,48,28.6956201,82.54195839,6.225225239,116.1616839,Banana
114,94,53,26.33544853,76.8532006,6.190757459,118.6858263,Banana
110,78,50,25.93730186,78.89864446,5.915568968,98.21747528,Banana
94,70,48,25.13686519,84.88394407,6.195152442,91.46442491,Banana
80,71,47,27.50527651,80.79783998,6.156373499,105.0776992,Banana
114,79,51,26.21009246,82.34429458,6.313197204,112.0700033,Banana
88,78,45,29.10403455,79.19588629,6.324270089,92.07835761,Banana
112,73,48,29.2440638,77.32017166,5.707488987,90.66727868,Banana
117,76,47,25.56202173,77.38229006,6.119216009,93.10247183,Banana
111,87,48,26.3985515,81.36028902,5.571401169,98.16752001,Banana
89,83,47,28.09577643,77.79586769,5.63127166,109.5408614,Banana
93,91,47,27.84767901,83.31110751,6.101241579,117.2878912,Banana
92,81,52,27.39341554,81.4654833,6.438137279,94.31102057,Banana
105,74,45,25.14517635,81.38204104,6.098369122,119.218154,Banana
102,71,48,28.65456263,79.28693687,5.695267822,102.4633775,Banana
94,91,51,29.16093424,76.67484233,5.618094446,109.575944,Banana
116,71,47,27.57278064,82.0638878,6.435785799,91.34276507,Banana
117,79,49,25.40909896,82.36208097,6.176644228,112.9794804,Banana
119,72,55,25.99069521,83.33983116,6.220643671,112.0777152,Banana
99,73,53,26.29039046,81.06003778,5.871702211,118.6730366,Banana
91,84,52,29.14827211,78.71024836,6.390741836,117.536781,Banana
80,90,47,26.59743595,79.35898915,6.21084479,107.3944717,Banana
101,70,48,25.36059237,75.03193255,6.012696655,116.5531455,Banana
108,89,53,29.12036889,80.18080728,5.908770059,112.3982055,Banana
100,80,52,27.53911354,77.25629897,6.049801781,110.3262123,Banana
109,91,53,29.66727337,83.51014178,6.010095853,110.2511102,Banana
82,78,46,25.05802193,84.97323747,5.738678895,110.4408803,Banana
106,70,55,25.86824781,78.52399914,5.74055541,116.3019555,Banana
90,86,52,25.85036988,81.95580471,5.793260262,119.0856171,Banana
83,95,50,26.51682337,77.79913575,5.50947065,108.8547508,Banana
119,90,48,28.66725136,79.59242542,5.986442306,118.2583441,Banana
107,72,45,28.14938935,81.54448882,5.790768046,91.40508414,Banana
116,81,55,26.42313317,83.6995044,5.915546415,95.12322062,Banana
101,75,50,26.59386409,81.40740301,6.242528278,109.9825551,Banana
93,81,50,27.71822477,76.57853189,6.036079266,102.2099836,Banana
95,75,45,28.98333432,82.95958244,5.829898502,109.022564,Banana
107,71,55,29.42017919,83.96754496,6.088064451,117.229079,Banana
83,94,47,27.39872329,81.10523402,6.469370954,112.1355384,Banana
102,73,54,26.4020227,84.41007614,5.720726906,111.0162259,Banana
86,79,45,27.81251452,82.69285419,5.80766417,99.20961514,Banana
117,86,53,25.19640218,83.55829874,5.703381728,115.8586081,Banana
111,79,53,28.31193338,75.77363772,6.165001278,119.695765,Banana
95,74,50,25.90113128,80.47152737,6.002481605,110.10323,Banana
91,75,55,27.48612983,76.11239849,6.212369363,109.2768851,Banana
93,83,46,29.38254012,83.50423735,5.765308943,109.2486647,Banana
92,85,51,29.22118628,81.08183635,5.740764682,108.8616474,Banana
104,80,54,27.09062164,81.33506906,5.879119455,110.1331182,Banana
103,72,51,26.12643374,81.81365007,6.099478745,104.4812858,Banana
92,75,45,29.01207743,77.95192527,5.674403359,90.43495443,Banana
93,85,49,27.96799119,79.28625709,5.694243847,119.4765557,Banana
120,87,52,28.0764455,76.05522115,5.905494703,118.9923573,Banana
108,72,46,25.16278237,84.97849241,6.110844721,90.94554618,Banana
105,88,54,25.78749808,84.51194224,6.020445317,114.2005455,Banana
98,79,50,25.34119774,84.47321314,6.435917308,91.06493353,Banana
111,88,55,29.44795403,78.34971537,5.505393833,96.45042585,Banana
97,74,45,26.47522633,78.51833782,5.677719902,113.1161095,Banana
95,82,48,27.39489579,83.31172003,5.719014989,92.78133617,Banana
89,91,55,25.08347445,80.261731,6.275572298,94.32961456,Banana
89,85,55,26.6719835,76.48541655,6.275384607,91.73358569,Banana
118,88,51,25.44926208,79.49221962,6.201911642,100.6619171,Banana
101,92,45,28.22776705,80.6430384,5.758054257,98.00403016,Banana
99,92,47,28.1279509,77.48247073,6.323933647,103.5045395,Banana
82,77,46,28.9470467,82.1888998,5.901100841,95.83016448,Banana
90,86,55,27.96236771,84.15403614,5.644486582,97.55986676,Banana
95,88,52,28.00316034,78.90085998,6.235461772,94.68180316,Banana
104,73,46,29.1400919,80.1190228,6.28236237,90.45142867,Banana
102,73,52,27.9122104,83.36307683,6.356090905,90.24211529,Banana
100,74,52,25.43480512,81.53977797,5.837258235,96.47800391,Banana
94,89,48,28.55980972,84.51602322,5.653437902,111.0843029,Banana
99,70,46,26.59580783,82.99556744,5.727469947,100.5123341,Banana
112,87,48,27.19711623,77.3970629,6.200111068,99.46950465,Banana
117,82,45,25.29391516,79.29122198,5.614471478,105.4220251,Banana
96,86,51,29.90888522,76.98740841,6.257369799,91.99964712,Banana
113,85,45,27.94972463,76.63713353,6.037430836,109.0921631,Banana
105,93,46,25.01018457,78.76260938,5.760457558,108.3690513,Banana
85,89,51,29.21144871,84.70189923,6.158164422,108.5501443,Banana
108,94,47,27.35911627,84.54625006,6.387431383,90.81250457,Banana
92,81,52,28.0106804,76.52808057,5.891413895,103.7040783,Banana
110,71,54,28.67208915,82.20793613,5.725418961,94.37987496,Banana
82,75,55,27.34585147,78.4873835,6.281069505,92.15524332,Banana
117,81,53,29.50704598,78.20585613,5.507641778,98.12565829,Banana
133,47,24,24.40228894,79.19732001,7.231324765,90.8022356,Cotton
136,36,20,23.09595631,84.86275707,6.925412377,71.29581071,Cotton
104,47,18,23.9656349,76.97696717,7.633437412,90.75616738,Cotton
133,47,23,24.88738107,75.62137159,6.827354668,89.76050416,Cotton
126,38,23,25.36243778,83.63276077,6.176716425,88.43618918,Cotton
126,50,19,24.69457084,81.7358876,6.628722836,78.58494391,Cotton
113,41,20,25.0017188,80.53965818,7.256877571,96.32600992,Cotton
121,45,22,22.45942937,81.30681027,6.443785385,64.23026638,Cotton
121,47,16,23.60564038,79.29573149,7.723240151,72.49800885,Cotton
129,60,22,24.58453146,79.12404171,5.947448589,71.94608134,Cotton
107,45,25,23.0865933,83.55546146,7.227745516,71.84080724,Cotton
122,59,18,23.5000992,83.63488952,6.219469084,79.81328183,Cotton
140,38,15,24.1472953,75.88298598,6.021439523,69.91563467,Cotton
102,49,21,24.69315538,84.84422454,6.253343655,89.799462,Cotton
111,40,25,24.484692,84.44932014,6.187455799,90.94342484,Cotton
131,35,18,24.49112609,82.24415809,7.057693366,64.02949379,Cotton
135,43,16,23.47986888,81.73049149,6.720449769,86.76287924,Cotton
100,46,18,24.18586246,76.04203958,6.431689506,69.08056728,Cotton
123,39,24,25.00755095,78.17952126,7.453106264,86.06411872,Cotton
117,56,15,25.99237426,77.0543546,7.368258226,89.1188212,Cotton
121,36,24,23.66457347,81.69105088,7.352401887,99.36898373,Cotton
101,58,18,25.66891439,81.38103349,6.652143699,78.59595817,Cotton
107,42,24,22.04612876,84.62978302,6.144631795,86.00758678,Cotton
100,41,22,22.4204752,84.55794703,7.318802162,93.46595573,Cotton
125,39,21,25.03149561,82.21276599,7.954629324,95.0191318,Cotton
105,60,23,23.53371386,77.21705554,6.207652157,87.54004943,Cotton
102,46,19,22.77076388,82.5993307,6.631005298,81.49543437,Cotton
131,49,22,25.49848236,79.9751579,7.306918817,67.05961949,Cotton
139,35,15,25.248679,83.4630147,5.898293044,86.55517751,Cotton
108,36,19,22.78249615,77.51235009,7.238566893,64.61444234,Cotton
118,45,23,23.37044424,77.43198948,7.977651226,71.67870701,Cotton
107,51,22,24.86560781,78.22080815,5.983075895,79.56866268,Cotton
125,60,17,24.14386157,84.51591287,6.785723961,80.36146974,Cotton
113,37,20,25.03300222,79.04368718,7.393441155,97.10087029,Cotton
131,52,16,23.65724079,84.47601498,6.486068274,88.54479121,Cotton
115,48,16,25.54359718,84.09229796,7.175934962,88.94245493,Cotton
113,38,25,22.00085141,79.47270984,7.388265888,90.42224164,Cotton
111,41,18,23.64328417,78.1258666,6.10539819,80.96157332,Cotton
111,53,19,23.96436009,78.02763149,6.419536555,84.63148859,Cotton
122,48,16,24.65425757,75.6350708,6.307585854,61.82980133,Cotton
108,46,17,24.3017998,84.87668973,6.93221485,65.0247867,Cotton
132,41,22,24.29144926,81.02453404,7.810865753,90.41694635,Cotton
103,42,17,24.29470232,84.61527627,6.527541661,81.05902285,Cotton
133,50,25,25.72180042,81.19666206,7.569454601,99.93100821,Cotton
127,37,18,24.87663664,76.30050373,7.041065585,91.9223468,Cotton
110,39,25,22.60612115,77.34264002,7.208795456,75.13617229,Cotton
131,38,19,23.86814008,75.68339729,6.814341946,90.4547185,Cotton
108,38,24,23.41022496,76.43836957,7.442217061,78.82199603,Cotton
122,40,17,24.96440768,81.31677618,6.854558957,80.03995829,Cotton
111,50,15,25.16820129,80.30351815,7.884550475,84.62419032,Cotton
140,40,17,22.72767171,77.07598065,6.006085786,77.55176318,Cotton
100,40,20,22.45145981,76.25674874,7.432043735,86.84998693,Cotton
123,50,16,23.04920461,75.53835214,6.498052108,70.65644296,Cotton
107,36,21,25.29250148,75.66653335,6.205263534,62.64174227,Cotton
118,50,19,22.95604064,82.33733678,6.360812227,66.48339303,Cotton
103,51,20,22.80213132,84.14668447,7.046607434,91.6389565,Cotton
133,57,19,23.54234715,75.98203329,7.947011366,84.12536744,Cotton
129,47,20,24.41212325,80.80343786,6.281913858,98.60457373,Cotton
116,52,19,22.94276687,75.37170612,6.114525877,67.08022574,Cotton
114,40,23,25.53676123,81.13668716,6.753978061,95.4262599,Cotton
131,60,17,25.32023717,81.79475917,7.425041316,83.46532547,Cotton
107,43,18,22.426733,81.53480799,6.745104394,65.54475812,Cotton
123,44,21,25.78544484,75.00539324,7.641116569,91.39578861,Cotton
112,49,25,25.68959532,77.90621048,6.470135478,66.19426787,Cotton
119,44,15,22.14593688,82.8597549,7.091992365,60.65381719,Cotton
130,59,19,25.07278712,82.50257909,6.520403794,93.51042684,Cotton
127,53,24,22.21506982,76.17851932,6.127939628,70.40557612,Cotton
134,52,18,23.9643129,76.59175937,7.994679507,76.13090645,Cotton
109,36,18,25.40059227,76.53237965,7.524707577,62.5138867,Cotton
100,48,17,23.7805123,83.03878838,7.827877818,66.26555904,Cotton
132,52,19,24.16402322,76.7433897,6.436691764,61.94626051,Cotton
102,37,25,25.31468463,77.91757121,5.907930899,72.82902109,Cotton
111,39,22,22.60361557,80.3509046,6.135025006,88.57395505,Cotton
117,51,15,22.9535715,78.71555832,6.044556594,99.75336197,Cotton
136,36,24,22.74446976,80.41198458,7.59781958,90.07326633,Cotton
134,56,18,23.80834611,83.91902605,6.691268104,70.97358303,Cotton
112,54,15,25.46228792,81.56641891,6.175492306,76.88582484,Cotton
105,56,15,25.96779712,81.97904282,7.272316209,74.14169043,Cotton
140,45,15,25.5308271,80.04662756,5.801047545,99.39557151,Cotton
126,46,25,24.43847399,81.69801729,6.757457943,60.79645852,Cotton
106,49,24,23.03887865,76.47039772,6.983395573,90.64770699,Cotton
121,53,19,23.51308653,76.72621429,7.976889498,80.11272117,Cotton
108,60,17,22.75805656,76.75768356,6.558902588,97.76600619,Cotton
116,56,17,24.71252544,77.7293114,7.979090365,85.24963302,Cotton
100,52,19,23.45969093,82.44777468,7.903528673,93.50153555,Cotton
129,43,16,25.5503704,77.85055621,6.73210948,78.58488484,Cotton
118,44,23,22.08458267,82.82904143,6.691690476,67.06459777,Cotton
117,43,25,24.68854799,78.51206972,7.839849298,69.31153566,Cotton
126,37,21,25.84997269,84.16855231,6.61448588,77.03421249,Cotton
120,48,16,22.46054478,75.40989245,7.456971816,71.85436078,Cotton
102,45,16,23.65629976,77.52425987,7.2942193,74.8984994,Cotton
131,56,20,22.00817088,81.83896111,7.762647875,92.23645249,Cotton
114,40,17,24.32630461,80.13456404,6.363406102,69.45072055,Cotton
101,37,18,22.92360984,82.68738535,7.63737841,92.91915074,Cotton
106,46,20,23.43821725,78.63388824,6.200671976,81.15072105,Cotton
113,38,20,22.10718988,78.58320116,6.364729934,74.94136567,Cotton
102,53,21,23.03814028,76.11021529,6.913678684,91.49697481,Cotton
110,39,18,24.54795322,75.39752705,7.766259769,63.88079866,Cotton
107,58,15,23.73868041,75.77503808,7.55606399,76.63669195,Cotton
120,60,15,22.31871914,83.86129998,7.288377241,65.35747011,Cotton
12,36,0,29,52,8.062750241,170.3307535,Sugarcane
10,14,13,31,62,7.143039142,168.4773255,Sugarcane
12,12,14,34,65,7.929240731,154.9011463,Sugarcane
38,0,0,32,62,7.632674947,131.7016877,Sugarcane
12,40,0,30,60,5.526456227,164.4718812,Sugarcane
10,32,7,30,60,5.846851688,128.5599899,Sugarcane
35,0,0,34,65,5.333271547,159.6492414,Sugarcane
11,15,13,25,50,8.288162935,117.122973,Sugarcane
9,13,0,34,65,7.446491553,111.4462932,Sugarcane
8,33,8,29,58,6.456928584,138.1017037,Sugarcane
10,15,0,27,53,7.627462401,154.5944258,Sugarcane
11,9,0,26,52,7.608565313,174.9108513,Sugarcane
12,10,0,29,58,7.386938032,144.1074553,Sugarcane
41,0,0,31.48468379,50.66105961,6.898283926,78.67221693,Wheat
13,36,0,23.22281906,59.31511313,6.277126912,108.6591857,Wheat
23,19,0,22.72115394,59.08183914,6.777815868,96.15004854,Wheat
8,28,8,29.1445857,52.03325153,6.636011826,83.12920841,Wheat
38,0,0,22.45072926,59.95707274,6.621852926,102.5746649,Wheat
13,9,0,33.86234244,51.18584832,6.534570427,100.9176088,Wheat
23,19,0,26.64588548,57.80160525,6.86457445,101.2399862,Wheat
12,19,18,29.36844736,54.46588987,6.661889181,146.9927661,Wheat
39,0,0,32.88585306,53.10941724,6.403792662,82.66761245,Wheat
41,0,0,26.16451456,58.42549605,6.478950147,114.523192,Wheat
13,9,0,32.7874383,52.10621259,6.46287051,137.3148173,Wheat
23,19,0,30.85433994,54.23237016,6.325581948,158.335716,Wheat
8,19,8,32.81296537,59.77332042,6.36961687,135.892958,Wheat
38,0,0,21.63742097,52.15672023,6.904246873,127.94704,Wheat
13,36,0,21.56081364,58.24317828,6.641266386,120.3062225,Wheat
23,19,0,24.91898014,56.57494308,6.577047814,157.6254107,Wheat
12,28,18,23.3675234,51.44040522,6.290553118,119.4179161,Wheat
39,0,0,32.61168513,53.43450388,6.432582812,129.0833029,Wheat
41,9,0,32.98761855,56.91380716,6.720389552,157.8209829,Wheat
13,19,0,21.1671627,50.76765874,6.917991832,84.09900369,Wheat
23,19,0,32.29245075,57.77217857,6.176585923,107.7013803,Wheat
8,0,8,31.85745209,58.78096546,6.767201101,139.4082228,Wheat
38,0,0,20.46228174,52.60336141,6.358830803,88.64082953,Wheat
13,0,0,30.20210041,50.1380326,6.408720502,159.637369,Wheat
23,36,0,32.83804521,57.00195681,6.054040722,138.8577307,Wheat
12,19,18,28.64841334,56.59916797,6.53954388,136.3002864,Wheat
39,28,0,33.20749638,52.51777152,6.54841022,158.9074287,Wheat
23,0,0,30.8789865,58.21944052,6.546858671,104.7971044,Wheat
12,9,0,23.26796952,55.62757951,6.230511475,144.790146,Wheat
39,19,18,26.92593036,54.04316819,6.593136467,102.9943581,Wheat
41,19,0,33.95209584,59.4699163,6.640428943,133.3803746,Wheat
13,0,0,20.09136946,53.97223311,6.207077353,125.2942205,Wheat
13,0,0,26.08577313,56.06768745,6.00834863,152.0998446,Wheat
23,9,0,22.09104373,56.25209511,6.875602788,84.30277408,Wheat
12,19,8,33.95105177,54.15593399,6.377430001,159.7094503,Wheat
39,19,0,28.53146346,51.51158498,6.86342785,79.13672088,Wheat
13,0,0,28.00510977,55.17019342,6.830847712,115.4433552,Wheat
23,19,0,27.04402781,59.13144774,6.253928101,144.133609,Wheat
12,19,18,33.13479807,50.01891663,6.689747085,102.0858776,Wheat
39,0,0,31.61960395,51.08614902,6.583213487,135.2358305,Wheat
23,0,8,27.50568957,54.01820397,6.161839979,114.8541306,Wheat
12,0,18,24.33278733,56.12417545,6.103348652,109.1351681,Wheat
39,36,0,28.72164631,59.37579557,6.743792045,121.4840528,Wheat
39,19,0,25.28101255,51.19969856,6.291139182,96.52795631,Wheat
23,28,0,30.83055881,56.65623952,6.477394823,153.4808896,Wheat
12,0,0,24.78475421,54.86675337,6.324058546,161.7501599,Wheat
13,9,8,21.2500493,50.54668411,6.395707486,76.73202842,Wheat
23,36,0,22.71147615,51.51443588,6.187386059,82.51483333,Wheat
12,19,0,28.98830116,57.96458855,6.598386095,154.1027485,Wheat
39,28,0,26.66935651,54.10971217,6.094391879,77.69415355,Wheat
23,0,18,26.44910438,51.15043087,6.364014181,85.87718731,Wheat
12,9,0,25.15272442,51.54767082,6.092065594,100.0629969,Wheat
39,28,0,22.15367553,58.34318338,6.624886074,105.7586828,Wheat
13,0,0,22.16269576,58.90741579,6.540173202,103.4171832,Wheat
23,9,18,25.99183159,52.61899038,6.60246342,124.9172678,Wheat
12,19,0,27.65509604,53.92601391,6.276107098,85.77839497,Wheat
39,19,0,28.59943017,57.85268636,6.159415985,146.3208345,Wheat
23,0,0,21.80851548,50.5096322,6.506951286,138.213473,Wheat
12,0,0,24.586226,50.25912969,6.507618946,98.73003058,Wheat
39,0,8,28.75736442,58.85227538,6.226465334,116.1287685,Wheat
13,36,0,25.53649642,53.97363189,6.178633084,89.72013147,Wheat
23,19,0,28.86914133,50.50983056,6.457965853,89.11392893,Wheat
8,28,0,23.20653917,57.75517139,6.326077291,135.6644149,Wheat
38,0,18,30.03447137,57.16714071,6.66999862,128.2064115,Wheat
13,9,0,22.69094467,53.86422324,6.213296759,140.4013334,Wheat
23,19,8,21.8236595,59.64581441,6.849236311,139.1544624,Wheat
12,19,0,21.73121202,55.21660738,6.321308622,123.9601092,Wheat
39,0,0,31.76167796,57.72743864,6.198411713,82.10434989,Wheat
41,0,0,31.32720734,54.17967763,6.621678462,144.8018325,Wheat
13,9,8,32.25321056,53.68391381,6.804891621,106.0760607,Wheat
23,19,0,20.40661421,55.50882624,6.476640786,100.659201,Wheat
8,19,0,28.9138963,54.10859843,6.289688565,153.1256813,Wheat
38,0,0,21.3272581,50.74277753,6.032033678,86.54737814,Wheat
13,19,18,23.41584543,59.98962806,6.211739299,131.959498,Wheat
23,19,0,33.8708865,56.78024695,6.756850847,91.72867099,Wheat
12,0,0,23.92271434,52.27758641,6.755050225,137.3473567,Wheat
12,0,0,23.57774533,55.62655185,6.563359708,141.3680666,Wheat
39,0,18,23.9388272,54.87291737,6.901182568,146.6616428,Wheat
13,36,0,22.71215545,54.72066163,6.002569182,94.83486133,Wheat
23,19,0,27.62626513,52.23017432,6.422694318,100.3168624,Wheat
8,28,0,30.88267511,52.69713089,6.97323945,162.9129631,Wheat
38,0,0,21.61239794,57.22063124,6.477667597,141.8402571,Wheat
13,9,8,33.70567542,56.05223695,6.626533863,118.5550251,Wheat
23,36,0,29.89576763,58.17888122,6.949032941,159.9218668,Wheat
12,19,0,28.39103747,56.64521207,6.268937169,138.0059458,Wheat
39,28,0,28.69331555,59.97943297,6.976582042,97.92564513,Wheat
41,0,18,24.26818049,52.09864128,6.3492459,95.83816153,Wheat
13,9,0,25.41082075,57.40584681,6.535456802,92.06522861,Wheat
23,28,8,29.83448534,52.92281,6.193914417,79.23405577,Wheat
8,0,0,21.43816465,58.82464004,6.410775773,128.8619472,Wheat
38,9,0,30.34034318,51.68419575,6.841239388,90.20001424,Wheat
13,19,0,22.40555923,57.23637673,6.68765778,162.8889752,Wheat
23,19,18,22.66469526,51.51783824,6.298165084,145.3105423,Wheat
12,0,0,27.74080015,56.38574223,6.02697455,111.3764672,Wheat
23,0,8,30.85454844,57.48603099,6.932325656,86.40096727,Wheat
12,0,0,27.94020348,58.04350805,6.761467373,103.0601137,Wheat
39,36,0,25.58747374,53.56736054,6.506045777,156.9663176,Wheat
23,19,0,21.96790926,55.48066752,6.109296604,103.8796274,Wheat
12,28,18,28.13171727,51.23308614,6.332155515,140.9134931,Wheat
39,0,18,32.83179905,57.8682587,6.901257558,128.889532,Wheat
14,41,0,32.82652632,60.63131854,6.192064545,87.79470512,Groundnut
24,23,0,33.84404645,61.36211063,6.331146742,92.65212945,Groundnut
15,11,14,33.78853283,58.35623919,6.032079332,113.880752,Groundnut
41,0,0,31.35582182,68.07569875,6.113725662,67.23507858,Groundnut
15,37,0,30.76670006,71.98183926,6.301488325,74.7400763,Groundnut
13,39,0,32.7819781,69.6416044,6.052301511,140.7710832,Groundnut
41,0,0,32.77342726,56.61938123,6.403562224,70.63006003,Groundnut
14,0,18,33.58425158,58.54962939,6.09780337,124.2332626,Groundnut
24,41,0,31.76211489,60.88875317,6.415602829,86.12779501,Groundnut
15,23,0,32.90132056,70.37435728,6.050500554,134.0402553,Groundnut
41,11,14,30.74613799,66.50001224,6.176650569,88.70815107,Groundnut
15,0,0,31.11185433,62.36169509,6.178774026,118.7825932,Groundnut
13,37,0,31.21979884,60.01897983,6.241399824,78.88233073,Groundnut
41,39,0,30.30882059,63.20775389,6.400743787,97.8462281,Groundnut
14,0,0,33.51211423,74.82712323,6.199573678,87.25674074,Groundnut
24,0,18,33.90671375,57.28408621,6.403139232,73.85242301,Groundnut
15,41,0,32.22298619,58.42121662,6.096152375,142.3395293,Groundnut
41,23,0,30.74909489,59.86826705,6.068708058,103.6641416,Groundnut
15,11,14,30.92903852,61.27769267,6.290600064,119.5739407,Groundnut
13,0,0,33.54358553,59.58964018,6.467911977,123.3663548,Groundnut
41,37,0,33.30734071,60.11740397,6.070946129,146.9837692,Groundnut
14,39,0,31.39311394,69.41943401,6.324516442,77.64621614,Groundnut
24,0,0,31.78145242,65.3594752,6.012375494,147.1663393,Groundnut
15,0,18,33.04183025,66.08061191,6.268183236,87.37977788,Groundnut
41,41,0,32.47161304,57.73447206,6.366625916,127.5741458,Groundnut
15,23,0,30.01930633,62.94512656,6.287772328,78.49219686,Groundnut
13,11,14,33.85479475,58.03060486,6.456019848,117.6456227,Groundnut
41,0,0,30.44017124,59.92268124,6.04893386,110.1438483,Groundnut
14,37,0,33.79307329,62.71487306,6.462960084,95.82254444,Groundnut
24,39,0,30.04867399,59.36080725,6.027279821,127.2706021,Groundnut
15,0,0,31.10665887,69.03184745,6.399166534,95.50096772,Groundnut
41,0,18,32.72230974,57.57884942,6.081927222,103.5482877,Groundnut
15,41,0,31.93586366,70.43716037,6.158089391,85.80046176,Groundnut
13,23,0,31.13028413,68.98503317,6.037675701,72.17209056,Groundnut
41,11,14,33.59486982,64.75347681,6.085661738,70.29511043,Groundnut
14,0,0,32.85002372,69.71444063,6.159835302,136.3398914,Groundnut
24,37,0,32.15037675,62.52523042,6.401565207,87.52461597,Groundnut
15,39,0,30.05462421,56.7800628,6.379142348,101.393541,Groundnut
41,0,0,33.88419129,74.28312331,6.451419448,97.66232861,Groundnut
15,0,18,30.47542476,68.48811001,6.287107363,149.0994209,Groundnut
13,41,0,31.89319111,71.45040975,6.02059819,93.34182034,Groundnut
41,23,0,33.58976713,57.33389829,6.181930218,126.1587212,Groundnut
14,11,14,30.49359779,58.54588061,6.021638615,71.10312453,Groundnut
24,0,0,33.90789552,74.8047572,6.079176536,142.7452391,Groundnut
15,37,0,32.98326078,72.18001928,6.159477092,78.75886433,Groundnut
41,39,0,32.95235196,69.76898641,6.396019726,119.5955807,Groundnut
15,0,0,32.13955691,62.94517353,6.455535114,82.4178375,Groundnut
13,0,18,31.13951861,59.66439705,6.119373068,140.8926594,Groundnut
41,41,0,31.36384449,60.85844087,6.193985368,116.5480445,Groundnut
14,23,0,33.27039046,74.71608492,6.452217054,69.83661326,Groundnut
24,11,14,31.48464585,63.19157008,6.06471872,91.42284219,Groundnut
15,0,0,30.32868693,70.45250918,6.29380456,85.935582,Groundnut
41,37,0,30.14072116,61.10498034,6.200750081,106.7865477,Groundnut
15,39,0,30.35409044,67.90612419,6.27880351,109.8769113,Groundnut
13,0,0,30.09238359,64.95531579,6.067933105,97.74333417,Groundnut
41,0,18,32.50671544,65.61189723,6.019260678,103.5516648,Groundnut
14,41,0,30.37577758,74.97475129,6.074947741,105.0098275,Groundnut
24,23,0,32.644546,61.92607293,6.027171709,108.7622349,Groundnut
15,11,14,33.49032589,66.70951694,6.047831631,67.08969169,Groundnut
41,0,0,33.3074977,68.92926423,6.225888435,128.7770732,Groundnut
15,37,0,30.80653933,67.44917308,6.457040756,131.9073179,Groundnut
13,39,0,33.20857014,68.88904755,6.203317279,116.6621186,Groundnut
41,0,0,32.38564029,65.23119959,6.26502351,91.09923848,Groundnut
14,0,18,33.01812495,72.24160506,6.460460502,111.2690789,Groundnut
24,41,0,30.22263729,62.42587205,6.321681356,116.619875,Groundnut
15,23,0,33.35838838,60.93547145,6.466846345,97.97313591,Groundnut
41,11,14,32.69482712,67.391972,6.174340814,93.26646905,Groundnut
15,0,0,30.0837019,62.44339946,6.135784205,129.3792944,Groundnut
13,37,0,32.69435583,62.51014083,6.310985458,111.518131,Groundnut
41,39,0,32.25730296,66.69662314,6.084808178,105.6984707,Groundnut
14,0,0,31.19439265,55.60872971,6.010802678,81.25674481,Groundnut
24,0,18,33.62465186,73.16053744,6.135540513,65.84424567,Groundnut
15,41,0,32.2892277,59.99209925,6.468806013,130.4551329,Groundnut
41,23,0,31.31073691,65.63683906,6.256017488,128.4178877,Groundnut
15,11,14,32.90794777,70.57960348,6.194503543,72.14138861,Groundnut
13,0,0,33.9451246,70.55464259,6.400422587,137.2584875,Groundnut
41,37,0,32.44221297,61.01380542,6.453645294,70.40253021,Groundnut
15,39,0,33.05783291,67.60413473,6.399637755,120.0334337,Groundnut
13,0,0,33.11867553,57.42312508,6.036762048,136.1704647,Groundnut
41,0,18,32.48530015,71.0531122,6.089682888,104.0508745,Groundnut
14,41,0,31.87314342,62.3478741,6.394947663,139.2140672,Groundnut
24,23,0,30.89364513,61.99208423,6.050607443,92.27743239,Groundnut
15,11,14,31.98314121,69.58272044,6.099022114,76.12988501,Groundnut
41,0,0,31.15162986,63.01803802,6.401886347,136.8211936,Groundnut
15,37,0,32.13848109,57.10851445,6.125138531,125.0750643,Groundnut
13,39,0,32.18074129,55.26434644,6.216969309,87.08707124,Groundnut
41,0,0,33.48973659,56.1397279,6.318366027,91.76258102,Groundnut
14,0,18,32.14778175,58.31526308,6.214353439,144.4624105,Groundnut
24,41,0,32.81428175,69.62005329,6.113199042,145.0687717,Groundnut
15,23,0,32.29564207,72.3572389,6.388994145,74.96498896,Groundnut
41,11,14,32.29968054,60.51951421,6.397509878,141.4807496,Groundnut
15,0,0,32.34541494,66.03798759,6.106238731,111.3600691,Groundnut
13,37,0,31.11863784,72.66339729,6.396028622,86.43908839,Groundnut
41,39,0,33.36681473,62.39935969,6.125212154,137.6739042,Groundnut
14,0,0,33.34241882,62.93108511,6.262254242,74.8939621,Groundnut
24,11,14,30.72759238,61.86126791,6.13331761,65.36465291,Groundnut
15,0,0,30.34644308,74.52194934,6.357918179,62.9183321,Groundnut
41,37,0,30.66938267,64.33053444,6.232369623,78.68708298,Groundnut
15,39,0,30.81100962,67.71155945,6.410808177,118.7187187,Groundnut
41,0,0,31.92411618,71.7794527,6.1214475,142.867463,Groundnut
18,38,16,27.43329405,87.80507732,7.18530147,54.73367631,Moong
22,34,17,28.3340432,80.77275974,7.034214276,38.7976407,Moong
22,35,21,27.01470397,84.34262707,6.635968698,55.296354,Moong
24,39,23,28.17432665,81.04554836,6.828187499,36.35720652,Moong
23,42,25,29.87888063,87.32761241,6.89077995,44.75215854,Moong
19,41,27,29.89232778,89.71503316,7.165121109,42.99498978,Moong
17,45,15,28.56212158,83.24855855,6.935804256,56.48265193,Moong
18,38,16,27.53592929,85.5701901,7.196774236,53.01899249,Moong
22,34,17,29.68361658,87.93598094,6.990095452,41.82490236,Moong
20,40,20,28.14448546,82.1193047,7.064782138,46.75690086,Moong
22,35,21,29.53037621,86.73346018,7.156563094,59.87232071,Moong
24,39,23,27.88352946,86.45147631,6.364967184,44.64407105,Moong
23,42,25,28.22471276,82.35916228,6.428054409,44.01206619,Moong
19,41,27,29.008124,84.96089355,6.664187809,45.91011391,Moong
17,45,15,29.75538903,86.45193297,6.637677489,37.54602719,Moong
18,38,16,29.78416743,85.16906976,6.79385576,40.77872823,Moong
22,34,17,27.8640132,80.4513142,6.852884643,42.83053902,Moong
20,40,20,27.11026483,84.96771717,7.121571293,51.52617423,Moong
22,35,21,27.11030369,83.64274107,6.883308033,49.11964582,Moong
24,39,23,28.95451232,89.07866095,6.421271178,57.65901369,Moong
23,42,25,29.21780035,87.93724219,6.54450214,43.1386631,Moong
19,41,27,28.7420098,85.81675947,6.452006451,48.54598575,Moong
17,45,15,29.65021184,80.29868321,6.489259136,56.76278363,Moong
18,38,16,27.23924995,86.404241,6.713410626,37.31236904,Moong
22,34,17,28.95172351,81.67085323,6.510840928,56.51103293,Moong
22,35,21,28.18837136,82.60629652,6.287380117,37.01110438,Moong
24,39,23,28.30041493,86.20681554,6.86308576,50.47333854,Moong
23,42,25,27.89636126,88.71782287,6.78415271,57.79863368,Moong
19,41,27,28.6899851,87.50436797,6.769415888,44.56598352,Moong
17,45,15,27.8262623,88.73100226,6.320768488,56.68833819,Moong
18,38,16,28.70562673,81.59200689,6.705008504,59.87065439,Moong
22,34,17,28.6362812,84.61431076,6.790736339,48.48319335,Moong
20,40,20,28.28511547,88.4393979,7.130278657,48.56690235,Moong
22,35,21,27.60887393,86.13316408,7.012740397,43.80041104,Moong
24,39,23,28.60901145,86.99495766,7.155685016,36.94616965,Moong
23,42,25,29.24598976,84.80084105,6.991242362,53.43228915,Moong
19,41,27,28.62911222,89.1148059,6.218923893,50.49913241,Moong
17,45,15,29.57329479,88.07505524,7.199495368,45.04467075,Moong
18,38,16,27.82684262,87.16679147,6.389882166,58.37249772,Moong
22,34,17,29.8757015,83.14796296,6.623438282,40.12044158,Moong
20,40,20,27.33684386,88.50229102,7.033012777,51.09802625,Moong
22,35,21,29.83040388,89.30428305,6.32400451,58.86687093,Moong
24,39,23,28.2753171,82.76020821,6.397636709,56.04995423,Moong
23,42,25,29.86860065,85.99127934,6.401455706,58.41394143,Moong
19,41,27,29.5888162,89.9939693,6.904587016,54.96121262,Moong
17,45,15,28.07219563,82.9116472,6.478557136,49.61865305,Moong
18,38,16,27.84026517,89.99615558,7.063022095,52.84626009,Moong
22,34,17,27.10818093,87.4512669,6.981758362,55.03723979,Moong
22,35,21,27.68515114,81.94268594,6.227134139,54.62243308,Moong
24,39,23,29.34594634,85.60472562,6.232836962,59.03629954,Moong
23,42,25,28.36319404,84.8593608,7.140437859,52.93031105,Moong
19,41,27,27.65280218,89.80650642,6.459252023,56.52558045,Moong
17,45,15,27.31372793,85.44815232,6.568795404,53.15223123,Moong
18,38,16,27.06909959,86.89934108,7.12851089,50.46746116,Moong
22,34,17,28.06642822,85.91625451,6.42937879,39.23831035,Moong
20,40,20,27.73329078,81.13903037,6.248900919,44.17580911,Moong
22,35,21,27.53632932,89.92908171,6.619891498,45.48591922,Moong
24,39,23,29.66461594,84.28187572,6.377568542,56.09542002,Moong
20,40,20,29.9145443,85.85384444,6.415459592,41.39081525,Moong
22,35,21,28.36363858,87.59810657,6.320662012,57.99524359,Moong
24,39,23,29.46416042,87.60890009,6.978400282,43.15411472,Moong
18,38,16,29.73013036,82.89166381,6.442335593,50.91511275,Moong
22,34,17,27.46852989,87.17649,7.184398832,43.78420984,Moong
22,35,21,27.77076285,87.09979549,6.402926221,49.50812624,Moong
24,39,23,29.12939524,88.48312598,7.085982325,36.45012824,Moong
23,42,25,27.10606808,89.89593328,6.698574085,37.45680611,Moong
19,41,27,28.88078945,86.94206817,6.594739424,53.79732545,Moong
17,45,15,28.14720892,83.8001509,6.647965508,37.44800463,Moong
18,38,16,29.89129144,80.14487166,7.120032489,54.7960127,Moong
22,34,17,27.41503453,80.98004661,6.91380932,40.53173216,Moong
20,40,20,29.27308605,89.4875022,7.073048264,50.9246554,Moong
22,35,21,29.65296893,88.48587386,6.5304707,56.01913159,Moong
24,39,23,28.44524991,82.67639542,6.684381357,58.18713162,Moong
23,42,25,27.96235681,83.97586797,6.581351374,48.9366954,Moong
19,41,27,29.25649321,81.97952224,6.86483915,42.02483277,Moong
17,45,15,28.36291385,88.00989267,6.487124217,43.05130077,Moong
18,38,16,27.62749466,86.49366929,6.605733068,39.26137642,Moong
22,34,17,28.66086349,86.12194568,6.860602782,50.01534317,Moong
20,40,20,29.2114218,87.11497805,6.41874299,51.53848218,Moong
22,35,21,29.40889385,86.16063492,6.365513634,53.35486977,Moong
24,39,23,28.02952623,84.8845732,6.556372966,36.12042927,Moong
23,42,25,28.08657178,80.35005927,6.760694228,38.14476781,Moong
19,41,27,29.16174608,80.28038146,6.715276663,40.16545979,Moong
17,45,15,29.8596912,80.03499648,6.666380512,50.66487502,Moong
18,38,16,29.06631494,83.6869203,6.626629798,43.95183726,Moong
22,34,17,27.38538997,88.66663953,6.702772465,58.29933073,Moong
22,35,21,27.93034941,85.42058715,7.011030515,43.25095608,Moong
24,39,23,29.2808618,81.8009244,6.890156495,44.47427436,Moong
23,42,25,28.9973145,83.78911515,6.821747052,59.84499208,Moong
19,41,27,27.92678579,86.5543196,7.183189922,43.4826194,Moong
17,45,15,28.5474135,88.9570454,6.27258822,49.4897245,Moong
18,38,16,29.36488409,89.1886954,6.679127482,48.30159325,Moong
22,34,17,28.56149805,83.63802195,6.689825155,41.013132,Moong
20,40,20,28.43683487,87.91332682,6.583381939,43.12063289,Moong
22,35,21,28.79728147,80.45744422,6.725551062,44.30070517,Moong
24,39,23,28.7275267,89.12760359,7.069747814,58.52974279,Moong
23,42,25,27.95639663,83.52706038,6.921993878,43.25726752,Moong
19,41,27,28.17458662,83.69659318,6.770955317,37.2464655,Moong
17,45,15,28.77653519,86.69133979,6.983130466,56.12443206,Moong
18,38,16,28.438097,83.48991368,6.267684328,52.55469976,Moong
3,72,24,36.51268371,57.92887167,6.03160778,122.6539694,Tur
40,59,23,36.89163721,62.73178224,5.269084669,163.7266551,Tur
33,73,23,29.23540524,59.38967583,5.985792703,103.3301803,Tur
27,57,24,27.33534897,43.35795962,6.09186275,142.3303677,Tur
10,79,18,21.0643684,55.46985938,5.624731338,184.6226709,Tur
30,75,25,30.33276599,42.35249879,6.446091759,149.299952,Tur
40,70,20,31.80130272,45.03186173,5.623490043,147.0361442,Tur
38,55,19,33.18184225,38.23184742,5.864623352,198.8298806,Tur
35,58,20,29.38538562,63.47742011,5.761702519,90.05422663,Tur
38,61,21,30.27374995,67.38680755,4.696518678,127.7767134,Tur
33,58,24,35.45790488,68.75810535,5.269504214,108.6333046,Tur
16,56,17,33.80020039,40.03262418,7.445444883,176.6165894,Tur
31,72,17,28.69180475,49.47225353,5.833031708,96.36222901,Tur
16,80,20,31.24021696,56.67369054,7.339320929,122.0146733,Tur
27,72,17,28.98039357,57.23265151,6.347929353,120.7435664,Tur
40,62,19,27.32198928,34.13737127,4.697750704,96.51524028,Tur
18,58,16,21.47607807,38.80023714,4.962661422,180.382234,Tur
3,68,16,18.31910448,34.69776639,4.964887857,107.4721605,Tur
26,67,24,36.97794384,37.73992903,5.642813116,161.4812963,Tur
16,70,20,24.80467592,40.1242747,5.6093956,121.5639121,Tur
24,63,19,19.3479443,55.96805489,4.681576043,194.5921148,Tur
9,76,25,28.88302142,50.12323801,5.70951224,179.2155874,Tur
16,55,19,19.54314136,47.19188279,6.413543781,192.4372194,Tur
28,75,21,24.7741949,50.54621094,6.007508163,114.2821387,Tur
16,71,24,18.33124824,38.40975482,4.946369874,139.6483317,Tur
24,70,21,19.14729038,45.3733757,5.517208078,132.7748215,Tur
38,72,21,28.23416057,49.4421345,5.902103172,186.5008581,Tur
9,66,21,30.11812084,34.13307843,5.719889876,157.0858232,Tur
34,56,17,33.4126864,35.42910045,4.548202098,139.6702541,Tur
1,76,19,24.18553163,46.68746847,6.669529416,177.3377996,Tur
6,69,19,26.88630675,41.69617915,4.750929218,94.46748008,Tur
26,73,21,31.33170829,57.97429171,4.946263888,161.7820226,Tur
27,61,18,33.30711818,67.07780816,5.266227032,108.5090168,Tur
27,71,23,23.45379018,46.48714759,7.10959773,150.8712202,Tur
36,61,21,34.53823889,39.04468913,5.617008201,168.5948318,Tur
17,73,18,19.50112224,34.51086611,5.632353113,197.3752649,Tur
26,72,22,28.76794904,37.57792132,4.674941549,91.72084869,Tur
17,64,16,30.97758716,32.24914235,7.161797643,180.716828,Tur
14,74,19,18.39759147,36.82639309,6.624966131,93.12330644,Tur
39,60,15,35.09357419,30.98685456,5.004074624,116.9106908,Tur
6,66,15,34.93174223,30.40046769,6.345806011,159.2649827,Tur
8,59,18,29.50523036,35.72032498,6.216814453,187.8961851,Tur
2,67,18,34.51934775,47.52980027,5.921666758,129.0064612,Tur
1,76,17,28.43430726,52.10010827,6.012719118,147.0414824,Tur
16,73,19,18.41645629,34.80541039,4.684079249,163.2747473,Tur
23,75,25,31.07508973,47.19847683,7.077170002,91.31256412,Tur
32,70,20,20.89342749,46.24856523,6.208843215,195.5697875,Tur
28,59,22,30.90607799,52.79913039,7.05181629,170.9919828,Tur
5,62,23,27.9348279,66.45457122,4.722222454,145.3728801,Tur
36,67,25,35.95176642,36.52780776,6.418062652,136.0456753,Tur
1,66,23,19.54317155,56.92831399,4.803564468,173.1686574,Tur
24,73,20,19.63736208,32.31528909,4.608695247,176.4134092,Tur
17,67,18,31.2192752,56.46868874,5.611510977,129.2028653,Tur
5,55,18,33.50876355,45.70976142,7.322097972,126.6738117,Tur
5,56,24,24.80710166,45.01110015,5.023115055,188.4928637,Tur
37,77,17,36.20970524,31.94550613,5.617122801,191.0658531,Tur
13,73,20,30.50420876,35.48885969,5.391560418,162.5927723,Tur
6,63,23,26.01630259,49.94704718,5.906596905,160.3337447,Tur
16,77,22,31.48469278,35.6395615,6.574209678,100.546816,Tur
25,64,20,33.15122581,32.45974539,4.807776749,105.0380275,Tur
34,75,24,23.50222822,51.29019509,4.760038039,192.3023991,Tur
20,77,23,34.87248659,38.83786012,5.180271502,148.2502786,Tur
35,80,25,28.09269012,44.93322042,4.895927306,197.1144011,Tur
14,75,24,24.54757829,57.3414485,6.436160044,118.3606557,Tur
36,80,21,33.64769646,48.41490082,7.066087261,100.4673278,Tur
7,77,18,20.5591255,60.54880693,6.655918078,191.0895109,Tur
29,78,25,19.95991719,59.33157782,5.982854523,195.787103,Tur
30,60,21,28.87667593,62.4901206,5.457871273,182.2688175,Tur
20,74,16,36.04353699,43.61444121,4.759490199,159.8938645,Tur
19,57,23,23.6734328,47.2879691,7.342409555,141.1250722,Tur
3,60,19,25.74679443,40.7192594,4.820788186,100.7791633,Tur
5,77,19,31.08564994,66.68832981,6.242052013,175.9303271,Tur
5,68,20,18.72987676,61.33186249,5.001038726,139.8710041,Tur
37,73,21,29.50304807,63.46513414,5.560224583,189.5208915,Tur
9,59,24,20.43517772,39.37252634,4.747352458,137.2279662,Tur
20,72,15,36.00415838,56.01334416,7.313517308,134.8596466,Tur
31,56,23,31.46846241,35.39454002,5.661826398,174.5723999,Tur
0,70,21,36.30049702,56.03021253,4.672437054,101.6073988,Tur
21,74,15,29.49096726,67.10604388,6.471862118,153.2504506,Tur
13,67,18,30.5753044,34.75591197,5.384762927,177.5764304,Tur
27,74,20,24.69487673,59.96669215,5.859813416,91.95792434,Tur
29,72,24,23.17409556,36.67847052,6.962386495,162.5931264,Tur
5,68,20,19.04380471,33.10695144,6.12166671,155.3705624,Tur
39,57,19,29.32379604,45.93248374,6.421748487,165.4113371,Tur
22,62,16,34.6455408,54.32342534,4.828936119,180.9009998,Tur
18,55,23,21.9989826,56.31006755,6.98571967,136.8274312,Tur
39,77,21,22.99774444,60.24218572,4.603563116,159.689339,Tur
13,75,20,30.55992394,35.29006485,6.979540061,178.8998611,Tur
27,71,24,31.46417866,48.17631461,7.064973419,165.405354,Tur
26,64,22,25.95058595,40.58227261,5.16516459,109.1821183,Tur
23,55,16,21.01142393,69.69141302,5.111488821,185.2039114,Tur
4,69,19,19.25100056,47.70351758,5.374358869,149.063196,Tur
20,67,19,19.24462755,50.54495302,5.671419084,180.6465282,Tur
7,74,17,22.47253208,62.56532471,5.667419697,96.74706956,Tur
17,64,18,36.75087487,58.25799145,6.07938452,124.6028153,Tur
35,71,17,29.89286629,66.35375127,6.931924963,198.1403003,Tur
11,72,22,29.37735586,44.82294584,6.842744374,172.40168,Tur
20,60,22,29.65052947,42.89833235,6.876572503,186.9226052,Tur
10,71,18,19.54284889,66.34777265,6.151029296,173.1106982,Tur
33,61,24,20.04611791,48.93905624,4.567446499,122.4564203,Tur
21,18,0,45.38352611,12.81876216,5.932240602,45.7523396,Bajra
10,9,0,45.12259476,13.87064234,6.484499631,38.19865734,Bajra
36,0,0,41.83652013,13.37757959,6.959946447,48.42160918,Bajra
41,0,0,45.24994923,11.49326561,7.534578201,35.19431212,Bajra
15,37,0,40.31763988,12.85586494,7.568202493,44.21309767,Bajra
23,24,0,45.99873995,13.10201951,6.76920064,37.96716357,Bajra
8,15,0,43.43755917,10.20357223,7.811359215,36.61361235,Bajra
10,14,0,49.51043695,11.22912477,6.700555932,48.49348171,Bajra
41,0,0,43.30667836,11.77588145,5.783503945,39.10973483,Bajra
35,0,0,45.19657149,12.2158747,7.050946209,41.83810956,Bajra
15,41,0,41.1918356,14.48979781,5.973094368,38.99785201,Bajra
21,18,0,43.34991463,13.70360342,7.571945841,42.97811956,Bajra
10,9,0,49.87673602,15.49100816,6.912345828,39.40150564,Bajra
36,0,0,40.44240021,11.93478976,6.144431259,42.85228483,Bajra
41,0,0,43.06789439,15.35182165,5.950113412,48.81272971,Bajra
15,37,0,48.50763857,10.98982094,6.933461558,49.57322707,Bajra
23,24,0,44.15239311,11.7520485,6.902881054,48.81060057,Bajra
8,15,0,43.4095322,13.02275209,7.682452698,48.53707635,Bajra
10,14,0,46.46106813,10.49877523,6.930533723,47.28103458,Bajra
41,0,0,48.4240046,10.09410906,5.699411827,45.34961336,Bajra
35,0,0,47.80136389,11.19576631,6.429415662,44.93497124,Bajra
15,41,0,47.31098623,11.84956674,7.778027395,44.36751704,Bajra
36,0,0,40.42716839,14.11184194,6.194821258,41.60227033,Bajra
41,0,0,40.898423,11.44708224,6.789839515,44.7921064,Bajra
15,37,0,44.12226723,14.2759221,6.73398071,42.18667806,Bajra
23,24,0,42.73357643,14.82902619,7.037725215,43.50850561,Bajra
8,15,0,40.20388328,12.20664416,7.992859092,45.95696539,Bajra
10,14,0,40.13607173,15.25265205,5.615310268,35.47153383,Bajra
41,0,0,49.75607785,11.86226218,6.466714498,41.79590493,Bajra
35,0,0,43.93224402,12.37513875,7.872163956,43.79481255,Bajra
15,41,0,44.04055886,11.06905071,6.95736224,48.27311688,Bajra
21,18,0,49.61514501,15.33215292,5.731734188,39.78082213,Bajra
10,9,0,40.39941626,14.146757,6.306972947,43.68493722,Bajra
36,0,0,40.1546,10.57269602,6.076911641,40.21760436,Bajra
41,0,0,44.06757102,10.65747963,5.635006473,35.4347949,Bajra
15,37,0,46.14731883,12.21381384,7.216420018,46.06744344,Bajra
23,24,0,46.42017709,14.91813537,6.700459205,40.96391853,Bajra
8,15,0,42.96150158,13.20674411,7.445298773,44.89945087,Bajra
21,18,0,48.13355759,10.12391552,7.842984105,47.1163263,Bajra
10,9,0,44.29982099,10.08689038,6.842972154,48.08258327,Bajra
36,0,0,44.08530559,14.98193344,5.809661553,38.89011641,Bajra
41,0,0,41.27589067,11.3517338,6.432162184,40.44662963,Bajra
15,37,0,49.08184524,12.21658122,7.060679689,48.8217795,Bajra
23,24,0,44.67292003,15.39053375,7.926295426,41.67104849,Bajra
8,15,0,46.55001415,12.14300827,6.595995311,49.42205338,Bajra
10,14,0,44.22336093,13.75835809,6.290580352,40.70878489,Bajra
41,0,0,46.77775839,15.22339767,6.725589656,39.41925519,Bajra
35,0,0,45.6374671,11.19524988,7.341612619,36.522037,Bajra
15,41,0,40.20716241,15.23034852,5.998226799,43.46383783,Bajra
21,18,0,41.77277819,13.99342761,5.739825857,47.73897129,Bajra
10,9,0,42.734953,10.92249557,7.807061597,39.24284556,Bajra
36,0,0,45.10663268,10.62509408,6.403198628,46.87113258,Bajra
41,0,0,41.48692887,14.39693316,5.723148495,45.35455961,Bajra
15,37,0,40.48200586,13.15089404,5.915422023,38.04847719,Bajra
23,24,0,49.28474862,13.36601682,7.756610886,47.96847506,Bajra
8,15,0,41.52268511,11.82784658,7.157569534,39.98271574,Bajra
10,14,0,41.72885654,15.24298284,5.626288256,43.62701068,Bajra
41,0,0,44.05589427,13.99241334,6.335715911,35.19407768,Bajra
35,0,0,46.10006092,12.8617614,7.786521887,49.41114147,Bajra
15,41,0,41.09196785,11.99457876,6.056057095,44.19796231,Bajra
36,0,0,45.11604889,10.97597718,6.219666635,48.80763104,Bajra
41,0,0,47.43602009,15.00651263,7.316562005,42.91170851,Bajra
15,37,0,43.23043616,14.61906656,5.787205654,41.10898552,Bajra
23,24,0,42.72931618,15.33494645,6.308041494,41.37464257,Bajra
8,15,0,47.17536994,13.13000889,7.052476766,38.15003963,Bajra
10,14,0,45.01717421,10.34278151,6.570755206,39.14138782,Bajra
41,0,0,42.78552372,13.08763509,6.20190161,38.26134496,Bajra
35,0,0,49.91822378,12.53951867,6.821803658,41.12093404,Bajra
15,41,0,42.38178521,10.62689664,6.483166429,48.76606134,Bajra
21,18,0,44.88879793,15.40488033,7.555045168,40.37012963,Bajra
10,9,0,44.07676357,12.5618229,6.859273031,43.58851949,Bajra
36,0,0,43.36246175,14.0175366,6.790170067,39.2819445,Bajra
41,0,0,46.45914417,11.38541276,5.792839269,48.86396451,Bajra
15,37,0,49.72934792,10.68779921,6.222054133,42.19718993,Bajra
23,24,0,42.86390961,14.96648096,6.625793605,41.69717064,Bajra
8,15,0,45.12105633,12.86515141,7.671071122,40.69914027,Bajra
21,18,0,41.6776823,14.93295201,5.931055963,44.47109466,Bajra
10,9,0,46.8928142,15.44314248,5.980821953,44.9082887,Bajra
36,0,0,44.97228167,11.19894882,7.729003585,46.07951303,Bajra
41,0,0,44.56609859,12.04319517,5.815280532,45.47689818,Bajra
15,37,0,47.62660416,14.02856794,7.847058041,35.66404116,Bajra
23,24,0,42.96802078,12.11380828,7.488781118,42.4892623,Bajra
8,15,0,46.57247892,11.70405493,5.976833314,35.57642505,Bajra
10,14,0,47.57373777,12.77831421,7.438667344,36.74607697,Bajra
41,0,0,41.48407529,12.54385579,6.14261474,39.14722427,Bajra
35,0,0,43.92574093,12.13217106,7.022698665,38.37178316,Bajra
15,41,0,49.47097243,10.03699714,5.712242811,37.86881506,Bajra
21,18,0,43.79902948,14.78016453,6.533612513,40.80521556,Bajra
10,9,0,49.43265615,14.16331094,7.64917813,38.88227816,Bajra
36,0,0,43.4420885,14.17417993,7.948306898,41.07054193,Bajra
41,0,0,49.10462823,12.13177603,6.295161269,36.20042754,Bajra
15,37,0,48.63447551,13.8657846,7.162237183,47.68925213,Bajra
23,24,0,44.38307214,13.65128468,7.475501016,38.96962965,Bajra
8,15,0,40.92030901,10.0340484,7.567840029,44.22161999,Bajra
10,14,0,48.7952637,10.50313106,7.881370998,39.09945134,Bajra
41,0,0,43.52038668,13.26718427,7.154692752,40.1026225,Bajra
35,0,0,47.03538939,11.84530491,7.808002381,41.31443237,Bajra
15,41,0,48.44654619,10.88759897,5.803526182,38.5207736,Bajra
36,0,0,46.50038918,12.44150499,7.686214156,47.05551318,Bajra
41,0,0,46.51582225,11.44218515,6.69891702,49.68143256,Bajra
160,60,80,12.24,65,6.2,65,Onion
163,64,83,13.67,69.78,6.25,74.59,Onion
161,63,82,17.78,67,6.52,75,Onion
162,59,80,24.5,65.6,6.67,72.35,Onion
161,61,79,23.45,67.8,6.49,68.9,Onion
163,62,82,22.67,66.12,6.23,73.67,Onion
162,59,78,21.555,66.79,6.3,72.27,Onion
159,58,84,19.63,68.9,6.78,65.56,Onion
163,64,83,18.35,70.5,6.89,67,Onion
161,63,82,18.234,66.5,6.45,69.87,Onion
158,65,81,15.6,70,6.29,68.78,Onion
160,60,80,25,69.999,6.8,75,Onion
150,75,50,32.86,60,7.47,32.61,Sunflower
151,72,49,84.87,68.52,6.68,42.68,Sunflower
152,73,52,68.25,63.66,7.22,42.64,Sunflower
149,76,51,61.24,62,7.19,42.37,Sunflower
148,77,53,100,66.33,7.14,25.61,Sunflower
149,78,48,54.12,60.54,7.21,20.12,Sunflower
150,75,50,115.19,65.49,6.56,34.15,Sunflower
149,73,52,182.3,66.76,7.04,29.64,Sunflower
151,76,51,83,69.79,7.39,34.19,Sunflower
152,77,53,126.41,70.17,7.48,44.8,Sunflower
149,78,48,54.12,69.06,6.5,34.57,Sunflower
148,75,53,115.19,61.23,7.5,24.79,Sunflower
150,75,48,182.3,72,6.6,47.5,Sunflower
14,14,14,34.05,14.62,6.42,61.39,Soyabean
13,12,13,26.42,13.24,6.56,63.81,Soyabean
15,11,15,27.7,14.06,6.59,64.59,Soyabean
12,13,12,30.59,14.81,6.72,60.4,Soyabean
14,14,14,24.25,13.91,6.48,62.58,Soyabean
17,15,17,21.83,14.4,6.87,60.75,Soyabean
14,14,14,26.66,13.37,6.51,64.38,Soyabean
12,13,12,26.07,14.8,6.56,60.16,Soyabean
11,15,11,29.89,13.61,6.73,60.22,Soyabean
13,12,13,31.85,14.63,6.62,61.72,Soyabean
14,14,14,24.89,14.67,6.47,62.99,Soyabean
15,17,15,32.71,13.77,6.42,62.3,Soyabean
14,14,14,30.92,14.07,6.6,63.35,Soyabean
20,15,12,30.14,4.44,7.24,43.57,Jowar
19,16,13,30.21,23.6,6.13,44.79,Jowar
21,14,11,30.43,23.59,6.31,44.42,Jowar
22,15,10,31.42,24.63,7.04,41.26,Jowar
18,13,14,31.73,24.79,6.09,40.08,Jowar
22,17,12,28.81,24.55,6.6,42.82,Jowar
21,15,11,30.98,23.41,6.7,44.06,Jowar
18,14,13,27.03,23.41,6.26,42.64,Jowar
19,16,14,27.21,23.57,6.86,41.52,Jowar
20,15,12,31.18,24.42,7.46,44.73,Jowar
21,16,13,29.02,22.75,6.21,41.8,Jowar
22,17,11,30.14,20.53,6.99,41.24,Jowar
20,15,12,27.24,22.83,6.4,44.9,Jowar
40,30,25,25.75,44.46,6.65,88.87,Ragi
39,29,26,19.99,51.6,5.76,94.63,Ragi
42,28,27,29.74,59.33,7.07,91.73,Ragi
41,30,25,27.68,54.43,5.24,87.4,Ragi
38,31,24,17.23,51.33,6.6,93.73,Ragi
42,32,23,20.74,53.15,5.68,99.68,Ragi
41,28,25,22.38,59.81,6.32,79.15,Ragi
40,30,25,19.87,53.3,5.24,90.99,Ragi
39,28,24,28.28,54.73,5.37,71.65,Ragi
38,27,26,24.79,57.56,4.6,111.3,Ragi
40,31,27,15.51,49.61,5.57,88.56,Ragi
43,32,24,26.39,44.67,5.84,86.33,Ragi
42,31,25,18.02,51.66,4.73,119.66,Ragi
40,30,25,15,44.67,5.5,70,Ragi
